id,category,question,answer,score
2025_1_01,"입찰방식","다음이 설명하는 입찰방식(Bidding System)의 종류를 쓰시오. (1) 입찰참가자를 공모하여 유자격자에게 모두 참가기회를 주는 방식 (2) 해당 공사에 가장 적격하다고 인정되는 3~7개 정도의 시공회사를 선정하여 입찰시키는 방식 (3) 건축주가 가장 적합한 1개의 시공회사를 선정하여 입찰시키는 방식","(1) 공개경쟁입찰(Open Bid) (2) 지명경쟁입찰(Limited Open Bid) (3) 특명입찰(Individual Negotiation, 수의계약)",3
2025_1_02,"시공일반","BOT(Build-Operate-Transfer) 방식을 설명하시오.","사회간접시설을 민간부분이 주도하여 설계·시공한 후 일정기간 시설물을 운영하여 투자금액을 회수한 후 시설물과 운영권을 무상으로 공공부분에 이전하는 방식",3
2025_1_03,"조적공사","다음은 조적공사와 관련된 내용이다. 괄호 안을 채우시오. (1) 가로 및 세로줄눈의 너비는 도면 또는 공사시방서에서 정한 바가 없을 때에는 ( )mm를 표준으로 한다. (2) 벽돌쌓기는 도면 또는 공사시방서에서 정한 바가 없을 때에는 ( ) 또는 ( )로 한다. (3) 하루의 쌓기높이는 ( )m를 표준으로 하고, 최대 ( )m 이하로 한다.","(1) 10 (2) 영식쌓기, 화란식쌓기 (3) 1.2, 1.5",5
2025_1_04,"커튼월","금속커튼월의 성능시험관련 실물모형시험(Mock-Up Test)의 시험항목을 4가지 쓰시오.","① 기밀성능 시험 ② 수밀성능 시험 ③ 구조성능 시험 ④ 영구변형 시험",4
2025_1_05,"특수공법","SPS(Strut as Permanent System) 공법의 특징을 3가지 쓰시오.","① 가설지지체 설치 및 해체공정 불필요 ② 작업공간의 확보 유리 ③ 지반의 상태와 관계없이 시공 가능",3
2025_1_06,"기초공사","기초와 지정의 차이점을 기술하시오.","(1) 기초: 건축물의 최하부에서 건축물의 하중을 지반에 안전하게 전달시키는 구조부 (2) 지정: 기초판을 지지하기 위해서 그 아래에 설치하는 버림콘크리트, 잡석, 말뚝 등",4
2025_1_07,"방수공사","조적조를 바탕으로 하는 지상부 건축물의 외부벽면 방수방법의 내용을 3가지 쓰시오.","① 시멘트모르타르계 방수 ② 규산질계 도포 방수 ③ 발수제 도포 방수",3
2025_1_08,"창호공사","다음 표에 제시된 창호재료의 종류 및 기호를 참고하여, 아래의 창호 기호표를 표시하시오.","①WD ②WW ③SD ④SW ⑤AD ⑥AW",3
2025_1_09,"토공사","다음 용어를 간단히 설명하시오. (1) 히빙(Heaving) 현상 (2) 보일링(Boiling) 현상","(1) 히빙 현상: 흙막이벽 좌우측 토압 차로 흙이 밑으로 미끄러져 들어오는 현상 (2) 보일링 현상: 흙막이벽 뒷면 수위로 인해 바닥에서 물이 솟아오르는 현상",4
2025_1_10,"토공사","다음 평판재하시험 내용 중 ()안에 알맞은 내용을 기입하시오. 평판재하시험의 침하종료는 시험하중이 허용하중의 ( )배 이상이거나 누적 침하가 재하판 지름의 ( )%를 초과하는 경우로 한다.","(1) 3 (2) 10",4
2025_1_11,"적산","시멘트 500포의 공사현장에서 필요한 시멘트 창고의 면적을 구하시오. (단, 쌓기 단수는 최대로 적용)","A = 0.4 × (500 / 13) = 15.38㎡",3
2025_1_12,"적산","길이 4m×높이 1m 담장을 세우려 한다. 블록 소요량을 산출하고, 일위대가표를 작성 후 재료비와 노무비를 산출하시오.","(1) 블록 소요량: 52매 (2) 일위대가 작성 (3) 재료비: 47,272원, 노무비: 53,600원",10
2025_1_13,"재료","골재의 상태(절대건조, 기건, 표건, 습윤)와 관련 있는 골재의 흡수량과 함수량에 간단히 설명하시오.","(1) 흡수량: 표건상태 골재 내 포함된 물의 양 (2) 함수량: 습윤상태 골재 내외부에 함유된 전체 물의 양",3
2025_1_14,"공정관리","Network 공정표는 공기단축을 위해 작업시간을 3점 추정하는 (①)공정표와 CPM공정표가 있다. CPM공정표는 작업중심의 (②), 결합점 중심의 (③) 공정표가 있다.","① PERT ② ADM ③ PDM",4
2025_1_15,"공정관리","다음 데이터를 네트워크공정표로 작성하시오. (작업명, 일수, 선행작업 조건)","결합점 표시 및 주공정선(Critical Path) 굵은선 표시",8
2025_1_16,"철근콘크리트","철근콘크리트 구조의 1방향 슬래브와 2방향 슬래브를 구분하는 기준에 대해 설명하시오.","(1) 1방향 슬래브: 장변/단변 > 2 (2) 2방향 슬래브: 장변/단변 ≤ 2",3
2025_1_17,"철근콘크리트","인장철근비, 압축철근비 조건 및 순간처짐이 발생했을 때 3년 지속하중의 총처짐량(순간+장기처짐)을 구하시오.","총처짐량 = 40mm",4
2025_1_18,"강구조","총단면적 5,624㎟의 H-250×175×7×11 (SM355)의 설계인장강도를 한계상태설계법에 의해 산정하시오.","1,796.868 kN",2
2025_1_19,"철근콘크리트","철근의 응력-변형도 곡선과 관련하여 각각이 의미하는 용어를 보기에서 골라 번호로 쓰시오.","A: ⑥, B: ⑧, C: ⑦, D: ②, E: ④, F: ③, G: ⑨, H: ⑩, I: ⑤, J: ⑪, K: ①",5
2025_1_20,"철근콘크리트","지름 300mm, 길이 500mm 시험체의 할렬인장강도 시험 최대하중이 100kN일 때, 인장강도를 구하시오.","0.42 MPa",3
2025_1_21,"강구조","강재의 종류 중 SM355에서 SM의 의미와 355가 의미하는 바를 각각 쓰시오.","(1) SM: 용접구조용 압연강재 (2) 355: 항복강도 Fy = 355MPa",4
2025_1_22,"강구조","강구조에서 메탈터치(Metal Touch)에 대한 개념을 그림과 정의로 설명하시오.","강구조 기둥 이음부를 가공하여 상하부 밀착을 좋게 하고 축력의 50%까지 직접 전달시키는 이음방법",4
2025_1_23,"구조역학","반응수정계수 및 횡변위에 따른 지진하중 내진설계계수 그래프 관련 괄호 채우기","(1) 큰 (2) 변위증폭계수, 시스템초과강도계수, 반응수정계수",4
2025_1_24,"구조역학","보의 모멘트/전단력 계산 및 경제적인 보 일람표 번호 선정 (단부 모멘트, 중앙부 모멘트, 전단력, 일람표 번호)","(1) MA=MB=-744kN·m, MC=+372kN·m (2) VA=VB=372kN (3) 양단부: ③, 중앙부: ①",6